word,count
study,9
higher,7
compared,6
however,6
two,6
water,5
patients,5
significantly,5
model,5
process,4
objective,4
treated,4
present,4
analysis,4
using,4
results,4
suggest,3
one,3
major,3
factors,3
use,3
surgery,3
followup,3
lower,3
used,3
strain,3
methods,3
due,3
degradation,3
bioremediation,3
ci,3
carbon,3
biodegradation,3
found,3
whether,3
possible,3
assess,3
findings,3
readily,3
gene,3
important,3
data,3
respectively,3
rate,3
microbial,3
public,3
risk,2
studies,2
addition,2
freedom,2
general,2
efficacy,2
involved,2
environments,2
improvement,2
complex,2
streams,2
noninoculated,2
understanding,2
involves,2
highly,2
protocols,2
criteria,2
increased,2
surface,2
various,2
arm,2
fate,2
enhanced,2
groups,2
well,2
thus,2
large,2
accumulation,2
develop,2
different,2
crop,2
sources,2
conclusions,2
encouragement,2
potential,2
genes,2
soil,2
cell,2
promising,2
transformation,2
culture,2
current,2
ph,2
strategy,2
work,2
outcomes,2
towards,2
hazard,2
prosthetic,2
years,2
stroke,2
evaluate,2
included,2
effective,2
number,2
followed,2
sp,2
randomized,2
longterm,2
could,2
benefits,2
algal,2
threedimensional,2
order,2
mechanisms,2
still,2
research,2
quality,2
detected,2
energy,2
weight,2
candidates,2
pathogens,2
showed,2
freshwater,2
soils,2
selection,2
introducing,2
hydrolysis,2
cohort,2
remain,2
following,2
based,2
vs,2
high,2
significant,2
species,2
effectiveness,2
performance,2
activity,2
methodology,2
products,2
also,2
essential,2
concentration,2
toxic,2
characteristics,2
may,2
outcome,2
determined,2
performed,2
endocarditis,2
issue,2
concentrations,2
cells,2
presence,2
limit,2
influence,2
success,2
meet,2
within,2
associated,2
required,2
specific,2
determine,2
trials,2
persistent,2
background,2
medium,2
neck,2
toxicity,2
concomitantly,2
failure,2
candidate,1
manufacturers,1
nitrogen,1
including,1
paper,1
ethanesulfonic,1
attitude,1
dichotomous,1
kinetic,1
stem,1
ffr,1
atzbiodegradation,1
spectrometry,1
weeks,1
osteogenic,1
infant,1
decreased,1
demonstrate,1
pcl,1
rapidly,1
affected,1
systems,1
persistence,1
better,1
pcr,1
similar,1
chlorpyrifos,1
alizarin,1
material,1
inoculated,1
supplemented,1
industries,1
mature,1
largemolecular,1
versus,1
dam,1
uptake,1
settings,1
methoxylation,1
healthcare,1
pathway,1
metals,1
epshs,1
pure,1
inhospital,1
osteoblasts,1
engineering,1
formulation,1
polybrominated,1
chemical,1
hospitals,1
sites,1
hydrophilic,1
predictors,1
end,1
relative,1
respective,1
native,1
anaerobic,1
recommended,1
numbers,1
mesenchymal,1
product,1
ubiquitous,1
arthroplasty,1
allow,1
maintain,1
ablations,1
element,1
oedogonium,1
reusing,1
ablation,1
af,1
natural,1
prognostic,1
decontaminated,1
marketed,1
response,1
spondylosis,1
applications,1
fungus,1
abstract,1
describe,1
al,1
genetically,1
observational,1
feeding,1
interactions,1
complete,1
significance,1
completely,1
containing,1
commercially,1
productivity,1
corresponding,1
hs,1
pathogenic,1
solvent,1
besides,1
specifically,1
nonstatistically,1
red,1
integrated,1
induction,1
atz,1
comprehensive,1
patenting,1
suggesting,1
multiexponential,1
pseudomonas,1
factor,1
reoperation,1
grade,1
valley,1
time,1
prospective,1
origin,1
stimulate,1
synthesis,1
index,1
threat,1
days,1
foods,1
function,1
show,1
societal,1
language,1
membrane,1
retrospective,1
algae,1
ash,1
mscbased,1
dioxide,1
safety,1
maximum,1
generation,1
methodologyprincipal,1
foulants,1
mitral,1
mean,1
bone,1
identifies,1
predilection,1
resulting,1
labeling,1
identified,1
proteins,1
vivo,1
physical,1
parafac,1
behaviors,1
articles,1
structural,1
group,1
reduce,1
participants,1
excitationemission,1
adhesion,1
rd,1
register,1
crucial,1
valve,1
furthermore,1
rr,1
matrix,1
treatment,1
dominated,1
goal,1
technologies,1
dw,1
nonbiodegradable,1
removed,1
supplies,1
year,1
ex,1
eikenella,1
halflives,1
revealed,1
seem,1
ni,1
contrast,1
independently,1
cmfcs,1
metalcontaminated,1
bacteria,1
acid,1
yields,1
perspective,1
design,1
clinically,1
faster,1
biomass,1
guidelines,1
inactivating,1
fluorescence,1
andor,1
zn,1
age,1
address,1
enhance,1
small,1
filtering,1
filtration,1
organisms,1
applicationspecific,1
scaffold,1
residual,1
commercial,1
smp,1
pool,1
ranged,1
full,1
suitable,1
sevenpoint,1
multinational,1
harbors,1
phosphorus,1
method,1
new,1
transmission,1
attitudes,1
experiment,1
consistently,1
rare,1
selected,1
biotransformation,1
skeletal,1
indicated,1
disability,1
eligible,1
epspn,1
msfhs,1
wellcontrolled,1
pllacotmc,1
inferences,1
dysphagiadysphonia,1
religious,1
smet,1
gm,1
morphology,1
enrolled,1
surgical,1
questionnaires,1
four,1
biotechnology,1
lack,1
ald,1
statistical,1
mineralization,1
influenza,1
electricity,1
removal,1
intensive,1
level,1
hydroxylation,1
degradable,1
medline,1
perceived,1
minimally,1
condition,1
safe,1
difference,1
affect,1
diversity,1
electron,1
worstcase,1
approximately,1
humification,1
degeneration,1
generated,1
include,1
suffered,1
together,1
bibliographies,1
cmfc,1
desired,1
md,1
must,1
pollutant,1
biological,1
substances,1
excellent,1
degrade,1
transient,1
visual,1
tested,1
modern,1
smetolachlor,1
ratio,1
successful,1
kingella,1
tolerated,1
fractions,1
genome,1
environment,1
type,1
msf,1
antiarrhythmic,1
abundance,1
screening,1
biomacromolecules,1
estimate,1
chlorinated,1
appropriate,1
cultures,1
doses,1
heart,1
source,1
neurological,1
stimulating,1
making,1
epidemiological,1
restrictions,1
microalgae,1
variety,1
constructed,1
videoassisted,1
modified,1
closedcircuit,1
aromatic,1
equation,1
pbdes,1
application,1
reductive,1
archives,1
duplicate,1
mw,1
humic,1
metabolized,1
redonning,1
corrodens,1
social,1
stiffness,1
survey,1
text,1
much,1
urgent,1
larger,1
geochip,1
biosis,1
survival,1
dry,1
detoxification,1
strong,1
postoperatively,1
excess,1
dissipation,1
bioassay,1
models,1
composed,1
biodegradable,1
confidence,1
scenarios,1
macroalgae,1
spatial,1
evidence,1
opencircuit,1
acceptance,1
would,1
omfcs,1
pollutants,1
values,1
useful,1
conclusion,1
select,1
routine,1
elements,1
eem,1
screened,1
requiring,1
scales,1
direct,1
quickly,1
herbicides,1
resulted,1
pbde,1
controlled,1
infective,1
bioremediate,1
ethers,1
pn,1
waste,1
growth,1
maintenance,1
aquatic,1
slowly,1
citations,1
polystyrene,1
home,1
oxanilic,1
carbonamended,1
delivered,1
series,1
cycling,1
dechlorination,1
pandemic,1
decline,1
component,1
malaysia,1
balance,1
hospitalized,1
promoted,1
often,1
cause,1
medically,1
people,1
evaluated,1
kda,1
hominis,1
developing,1
implemented,1
inoculum,1
nonhe,1
interplay,1
cladosporium,1
representative,1
bags,1
multipotent,1
bmm,1
gas,1
formed,1
scale,1
chromatopraphymass,1
colloidal,1
cd,1
smpps,1
declining,1
applicationlinked,1
cervical,1
multivariable,1
eluates,1
contamination,1
chlorpyrifoscontaminated,1
efficiency,1
disinfecting,1
ps,1
gcms,1
randomeffects,1
sole,1
isolated,1
initially,1
coalfired,1
statistically,1
mining,1
available,1
vegetations,1
suggested,1
eliminate,1
perceptions,1
whole,1
demonstrates,1
result,1
invasive,1
point,1
investigated,1
relevant,1
measurements,1
among,1
experimental,1
genus,1
limits,1
klang,1
extensively,1
respirators,1
manifestations,1
biocompatibility,1
easily,1
region,1
country,1
aid,1
facepiece,1
wellestablished,1
death,1
scaffolds,1
untested,1
remained,1
differentiation,1
identify,1
necessary,1
dose,1
tcp,1
comparative,1
hypothesized,1
regardless,1
protocol,1
msc,1
hacek,1
bioreactors,1
qualities,1
single,1
materials,1
inexpensive,1
spine,1
eps,1
adw,1
modeling,1
community,1
adp,1
constant,1
remediate,1
construct,1
tests,1
atrazine,1
cardiobacterium,1
remaining,1
lilacs,1
decontamination,1
relevance,1
firstorder,1
rcts,1
attractive,1
bioenergy,1
intermediate,1
threatening,1
polymeric,1
functionality,1
workers,1
absorption,1
cladosporioides,1
polymers,1
died,1
database,1
affects,1
indication,1
definite,1
grown,1
embase,1
conserve,1
ie,1
international,1
either,1
optimistic,1
examined,1
correlated,1
neurologic,1
ii,1
justified,1
respiratory,1
limitation,1
reduced,1
mathematical,1
almost,1
prevalence,1
virus,1
things,1
likert,1
reporting,1
cochrane,1
patientimportant,1
ffrs,1
catheter,1
frequently,1
stainings,1
formation,1
acdf,1
effect,1
acda,1
recurrent,1
unable,1
development,1
trigger,1
tissue,1
mixtures,1
widely,1
potentially,1
degradations,1
equipment,1
conditions,1
neither,1
causes,1
self,1
bacterium,1
greater,1
addressing,1
functional,1
viewed,1
linked,1
tcps,1
seen,1
need,1
vas,1
instructions,1
bacteriophage,1
many,1
generate,1
stakeholder,1
eg,1
brominated,1
promise,1
differentiated,1
smallmw,1
viable,1
efficient,1
responsible,1
assessed,1
isolate,1
msfpn,1
supporting,1
largemw,1
younger,1
bioaugmentation,1
salmon,1
incidence,1
collaboration,1
trace,1
pain,1
experienced,1
immunologicvascular,1
biotoxicity,1
three,1
anterior,1
omfc,1
absorbed,1
concerns,1
ideal,1
accumulative,1
reducing,1
discectomy,1
risks,1
atzmineralization,1
yielded,1
exposures,1
recovered,1
adjacent,1
structures,1
cultured,1
station,1
regulation,1
needed,1
clinical,1
least,1
moderately,1
kinetics,1
labscale,1
management,1
differ,1
fusion,1
electronic,1
array,1
low,1
utilized,1
rsm,1
metabolic,1
option,1
organic,1
mbr,1
competition,1
mcid,1
accumulate,1
surrogate,1
double,1
chlorpyrifosdegradation,1
polysaccharides,1
critically,1
strategies,1
mainly,1
positively,1
synthetic,1
support,1
environmental,1
spectra,1
initial,1
serve,1
continuous,1
question,1
adult,1
diphenyl,1
minimal,1
electrodes,1
scanning,1
stakeholders,1
steam,1
explanations,1
selfdeveloped,1
measured,1
common,1
spiked,1
bag,1
approved,1
summary,1
microscopy,1
malaysian,1
tryptophanlike,1
countries,1
metabolite,1
resolve,1
although,1
microcosms,1
mbrs,1
untreated,1
expansion,1
tracking,1
comparison,1
singlelevel,1
score,1
metabolites,1
parallel,1
multifaceted,1
representatives,1
familiarity,1
compounds,1
capacity,1
observed,1
fouling,1
aim,1
hydrocarbon,1
patient,1
optimum,1
longstanding,1
power,1
processing,1
analysed,1
compositions,1
potent,1
distinctly,1
microwave,1
communities,1
arrhythmia,1
acceptability,1
surgically,1
disappeared,1
little,1
meetings,1
contaminant,1
dysphoniadysphagia,1
rdna,1
particularly,1
fungal,1
obtained,1
databases,1
expression,1
experiments,1
metal,1
clear,1
reuse,1
despite,1
unclear,1
life,1
mineral,1
analogue,1
soluble,1
impact,1
fuel,1
overall,1
haemophilus,1
degradability,1
contained,1
discharge,1
mortality,1
extracellular,1
sulfur,1
congestive,1
carried,1
confirmed,1
aggregatibacter,1
enriched,1
approaches,1
drugs,1
field,1
central,1
controls,1
title,1
represent,1
